{
    "cat_id": "custom_cat",
    "hunger": 87.25788366794619,
    "happiness": 93.31685940027258,
    "energy": 70.56880636215239,
    "accessories": {
        "head": "hat2"
    },
    "customization": {
        "body_type": "shorthair",
        "base_color": [
            255,
            255,
            255
        ],
        "pattern_color": null,
        "eye_color": [
            150,
            100,
            230
        ],
        "nose_color": [
            255,
            180,
            200
        ],
        "hunger": 100.0,
        "happiness": 70.0,
        "energy": 100.0
    },
    "is_sleeping": false
}