{
    "cat_id": "custom_cat",
    "hunger": 94.38930889368046,
    "happiness": 94.51611000299445,
    "energy": 100.0,
    "accessories": {
        "head": "hat1"
    },
    "customization": {
        "body_type": "shorthair",
        "base_color": [
            100,
            100,
            100
        ],
        "pattern_color": [
            200,
            200,
            200
        ],
        "eye_color": [
            230,
            200,
            90
        ],
        "nose_color": [
            255,
            180,
            200
        ],
        "hunger": 100.0,
        "happiness": 70.0,
        "energy": 100.0
    }
}