{
    "cat_id": "custom_cat",
    "hunger": 80.07306419610967,
    "happiness": 48.22135730981811,
    "energy": 37.00622320175171,
    "accessories": {
        "head": "hat2"
    },
    "customization": {
        "body_type": "shorthair",
        "base_color": [
            100,
            100,
            100
        ],
        "pattern_color": [
            200,
            200,
            200
        ],
        "eye_color": [
            230,
            200,
            90
        ],
        "nose_color": [
            255,
            180,
            200
        ],
        "hunger": 100.0,
        "happiness": 70.0,
        "energy": 100.0
    }
}