{
    "cat_id": "cat01",
    "hunger": 96.30398707389836,
    "happiness": 97.35511837005622,
    "accessories": {
        "head": null
    }
}