{
    "cat_id": "cat01",
    "hunger": 98.19986619949346,
    "happiness": 98.44688005447395
}