{
    "cat_id": "custom_cat",
    "hunger": 15.096544408798168,
    "happiness": 1.3824943542479136,
    "energy": 100.0,
    "accessories": {},
    "customization": {
        "body_type": "shorthair",
        "base_color": [
            230,
            210,
            190
        ],
        "pattern_color": [
            90,
            70,
            50
        ],
        "eye_color": [
            87,
            255,
            250
        ],
        "nose_color": [
            255,
            180,
            200
        ],
        "hunger": 100.0,
        "happiness": 70.0,
        "energy": 100.0
    }
}