{
    "cat_id": "custom_cat",
    "hunger": 93.96452741622942,
    "happiness": 99.76565828323368,
    "energy": 100.0,
    "accessories": {},
    "customization": {
        "body_type": "shorthair",
        "base_color": [
            240,
            180,
            100
        ],
        "pattern_color": [
            200,
            100,
            50
        ],
        "eye_color": [
            150,
            100,
            230
        ],
        "nose_color": [
            255,
            180,
            200
        ],
        "hunger": 100.0,
        "happiness": 70.0,
        "energy": 100.0
    }
}