{
    "cat_id": "custom_cat",
    "hunger": 78.65856180191042,
    "happiness": 99.58282518386838,
    "energy": 100.0,
    "accessories": {},
    "customization": {
        "body_type": "shorthair",
        "base_color": [
            100,
            100,
            100
        ],
        "pattern_color": [
            200,
            200,
            200
        ],
        "eye_color": [
            150,
            100,
            230
        ],
        "nose_color": [
            255,
            180,
            200
        ],
        "hunger": 100.0,
        "happiness": 70.0,
        "energy": 100.0
    }
}