{
    "cat_id": "custom_cat",
    "hunger": 94.60745459794964,
    "happiness": 93.40870857238743,
    "energy": 100.0,
    "accessories": {},
    "customization": {
        "body_type": "shorthair",
        "base_color": [
            100,
            100,
            100
        ],
        "pattern_color": [
            200,
            200,
            200
        ],
        "eye_color": [
            230,
            200,
            90
        ],
        "nose_color": [
            255,
            180,
            200
        ],
        "hunger": 100.0,
        "happiness": 70.0,
        "energy": 100.0
    }
}