{
    "cat_id": "custom_cat",
    "hunger": 95.84268653392766,
    "happiness": 89.60339462757106,
    "energy": 14.10423755645752,
    "accessories": {},
    "customization": {
        "body_type": "shorthair",
        "base_color": [
            240,
            180,
            100
        ],
        "pattern_color": [
            200,
            100,
            50
        ],
        "eye_color": [
            87,
            255,
            250
        ],
        "nose_color": [
            255,
            180,
            200
        ],
        "hunger": 100.0,
        "happiness": 70.0,
        "energy": 100.0
    },
    "is_sleeping": true
}